<?xml version="1.0" encoding="UTF-8"?>
<beans xmlns="http://www.springframework.org/schema/beans"
	xmlns:xsi="http://www.w3.org/2001/XMLSchema-instance"
	xmlns:context="http://www.springframework.org/schema/context"
	xmlns:util="http://www.springframework.org/schema/util"
	xmlns:mvc="http://www.springframework.org/schema/mvc"
	xsi:schemaLocation="http://www.springframework.org/schema/mvc http://www.springframework.org/schema/mvc/spring-mvc-3.2.xsd
		http://www.springframework.org/schema/beans http://www.springframework.org/schema/beans/spring-beans.xsd
		http://www.springframework.org/schema/util http://www.springframework.org/schema/util/spring-util-3.2.xsd
		http://www.springframework.org/schema/context http://www.springframework.org/schema/context/spring-context-3.2.xsd">
	
	<!-- Root Context: defines shared resources visible to all other web components -->
	
		<bean id="cnManager" class="org.springframework.web.accept.ContentNegotiationManagerFactoryBean">
			<property name="favorPathExtension" value="true"/>
			<property name="ignoreAcceptHeader" value="true" />
			<property name="defaultContentType" value="text/html" />
			<property name="useJaf" value="false"/>
	
			<property name="mediaTypes">
			  <map>
				<entry key="html" value="text/html" />
				<entry key="json" value="application/json" />
				<entry key="xml" value="application/xml" />
			  </map>
			</property>
		</bean>
	
	<mvc:annotation-driven content-negotiation-manager="cnManager"/>
	<bean class="com.ds.hms.controller.MvcConfiguringPostProcessor" />
		
</beans>
